{"cameraMode":{"drawMode":0,"name":"Shaded","section":"Shading Mode"},"sceneLighting":false,"audioPlay":false,"sceneViewState":{"showFog":true,"showMaterialUpdate":false,"showSkybox":true,"showFlares":true,"showImageEffects":true,"showParticleSystems":true},"in2DMode":false,"pivot":{"x":0.11021547764539719,"y":0.08124887943267822,"z":-0.011044740676879883},"rotation":{"x":-0.005894599016755819,"y":0.06017375364899635,"z":0.0003472668176982552,"w":0.9981859922409058},"size":0.257693350315094,"orthographic":false}