{"cameraMode":{"drawMode":0,"name":"Shaded","section":"Shading Mode"},"sceneLighting":false,"audioPlay":false,"sceneViewState":{"showFog":true,"showMaterialUpdate":false,"showSkybox":false,"showFlares":true,"showImageEffects":true,"showParticleSystems":true},"in2DMode":false,"pivot":{"x":-0.44000244140625,"y":0.20001220703125,"z":-0.5},"rotation":{"x":-0.02967423014342785,"y":-0.0284884013235569,"z":-0.0008460665703751147,"w":0.9991580843925476},"size":0.0008660314488224685,"orthographic":false}