{"cameraMode":{"drawMode":0,"name":"Shaded","section":"Shading Mode"},"sceneLighting":false,"audioPlay":false,"sceneViewState":{"showFog":true,"showMaterialUpdate":false,"showSkybox":false,"showFlares":true,"showImageEffects":true,"showParticleSystems":true},"in2DMode":false,"pivot":{"x":2.6685571670532228,"y":-0.5613985657691956,"z":19.26567840576172},"rotation":{"x":0.015059774741530419,"y":0.06765173375606537,"z":-0.0010289448546245695,"w":0.997610867023468},"size":9.979750633239746,"orthographic":false}